{
    "id": "ghosthunt",
    "name": "Ghost Hunt",
    "steps": [
         {
              "id": "introduction",
              "text": "Ghost Hunt",
              "solution_title": "Ghost Hunt",
              "solution_text": "Can you find all ghosts?",
              "solution": null,
              "requires": []
         },
         {
              "id": "step1",
              "image_front": "ghost1.png",
              "image_back": "ghost1.png",
              "solution": {
                   "type": "circle",
                   "x": 22.5,
                   "y": 112.5,
                   "radius": 2
              },
              "requires": [
                   "introduction"
              ]
         },
         {
              "id": "step2",
              "image_front": "ghost2.png",
              "image_back": "ghost2.png",
              "solution": {
                   "type": "circle",
                   "x": 58.5,
                   "y": 103.5,
                   "radius": 2
              },
              "requires": [
                   "introduction"
              ]
         },
         {
              "id": "step3",
              "image_front": "ghost3.png",
              "image_back": "ghost3.png",
              "solution": {
                   "type": "circle",
                   "x": 42.5,
                   "y": 104.5,
                   "radius": 2
              },
              "requires": [
                   "introduction"
              ]
         },
         {
              "id": "step4",
              "image_front": "ghost4.png",
              "image_back": "ghost4.png",
              "solution": {
                   "type": "circle",
                   "x": 12,
                   "y": 86.5,
                   "radius": 1.5
              },
              "requires": [
                   "introduction"
              ]
         },
         {
              "id": "step5",
              "image_front": "ghost5.png",
              "image_back": "ghost5.png",
              "solution": {
                   "type": "circle",
                   "x": 45,
                   "y": 78.5,
                   "radius": 1.5
              },
              "requires": [
                   "introduction"
              ]
         },
         {
              "id": "step6",
              "image_front": "ghost6.png",
              "image_back": "ghost6.png",
              "solution": {
                   "type": "circle",
                   "x": 57,
                   "y": 48.5,
                   "radius": 2
              },
              "requires": [
                   "introduction"
              ]
         },
         {
              "id": "step7",
              "image_front": "ghost7.png",
              "image_back": "ghost7.png",
              "solution": {
                   "type": "circle",
                   "x": 16,
                   "y": 42,
                   "radius": 2
              },
              "requires": [
                   "introduction"
              ]
         },
         {
              "id": "step8",
              "image_front": "ghost8.png",
              "image_back": "ghost8.png",
              "solution": {
                   "type": "circle",
                   "x": 2,
                   "y": 37,
                   "radius": 2.5
              },
              "requires": [
                   "introduction"
              ]
         },
         {
              "id": "step9",
              "image_front": "ghost9.png",
              "image_back": "ghost9.png",
              "solution": {
                   "type": "circle",
                   "x": 54.5,
                   "y": 31,
                   "radius": 2
              },
              "requires": [
                   "introduction"
              ]
         },
         {
              "id": "step10",
              "image_front": "ghost10.png",
              "image_back": "ghost10.png",
              "solution": {
                   "type": "circle",
                   "x": 61,
                   "y": 14,
                   "radius": 2
              },
              "requires": [
                   "introduction"
              ]
         },
         {
              "id": "step11",
              "image_front": "ghost11.png",
              "image_back": "ghost11.png",
              "solution": {
                   "type": "circle",
                   "x": 35.5,
                   "y": 12,
                   "radius": 2
              },
              "requires": [
                   "introduction"
              ]
         },
         {
              "id": "step12",
              "image_front": "ghost12.png",
              "image_back": "ghost12.png",
              "solution": {
                   "type": "circle",
                   "x": 52.5,
                   "y": 111,
                   "radius": 2
              },
              "requires": [
                   "introduction"
              ]
         },
         {
              "id": "step13",
              "image_front": "ghost13.png",
              "image_back": "ghost13.png",
              "solution": {
                   "type": "circle",
                   "x": 19,
                   "y": 11,
                   "radius": 2
              },
              "requires": [
                   "introduction"
              ]
         },
         {
              "id": "step14",
              "image_front": "ghost14.png",
              "image_back": "ghost14.png",
              "solution": {
                   "type": "circle",
                   "x": 3,
                   "y": 3,
                   "radius": 2
              },
              "requires": [
                   "introduction"
              ]
         }
    ]
}